method,exact_match,partial_match,hierarchical_f1,avg_distance,partial_credit,total_samples,valid_samples,level_1_acc,level_2_acc,level_3_acc,level_4_acc,level_5_acc,top_1_accuracy,top_3_accuracy,top_5_accuracy,top_1_h_f1,top_3_h_f1,top_5_h_f1
baseline_labels,0.05,0.045,0.19531895777178795,4.173913043478261,0.25133333333333335,100,100,0.43157894736842106,0.2872340425531915,0.15730337078651685,0.06153846153846154,0.0,,,,,,
baseline_no_labels,0.07,0.065,0.10057142857142858,2.0,0.10683333333333332,100,100,0.10975609756097561,0.11392405063291139,0.08,0.06382978723404255,0.0,,,,,,
baseline_hierarchical,0.07,0.07,0.2315902964959569,4.042253521126761,0.29433333333333334,100,100,0.4583333333333333,0.35789473684210527,0.2087912087912088,0.058823529411764705,0.0,,,,,,
dermatology_agent,0.1,0.095,0.22347619047619052,4.0,0.2725,100,100,0.4639175257731959,0.22916666666666666,0.2,0.1016949152542373,0.0,0.1,0.1,0.1,0.22347619047619063,0.22347619047619063,0.22347619047619063
react_agent,0.05,0.05,0.05,1.0,0.05,100,100,0.0,0.0,0.0,0.0,0.0,0.05,0.05,0.05,0.05,0.05,0.05
